subject,qform_code,sform_code
sub-YC101,1,2
sub-YC102,1,2
sub-YC103,1,2
sub-YC104,1,2
sub-YC105,1,2
sub-YC106,1,2
sub-YC107,1,2
sub-YC108,1,2
sub-YC109,1,2
sub-YC110,1,2
sub-YC111,1,2
sub-YC112,1,2
sub-YC113,1,2
sub-YC114,1,2
sub-YC115,1,2
sub-YC116,1,2
sub-YC117,1,2
sub-YC118,1,2
sub-YC119,1,2
sub-YC120,1,2
sub-YC121,1,2
sub-YC122,1,2
sub-YC123,1,2
sub-YC124,1,2
sub-YC125,1,2
sub-YC126,1,2
sub-YC127,1,2
sub-YC128,1,2
sub-YC129,1,2
sub-YC130,1,2
sub-YC131,1,2
sub-YC132,1,2
sub-YC133,1,2
sub-YC134,1,2
